-- Idempotent repair: re-seed global catalog if V40 was skipped or tables were cleared.
-- Safe to re-run — existing rows are left unchanged.

INSERT INTO food_categories (id, name, sort_order, scope, space_id, is_active, created_at, updated_at) VALUES
    ('11111111-1111-1111-1111-111111110001', 'Breads',         1,  'GLOBAL', NULL, TRUE, NOW(), NOW()),
    ('11111111-1111-1111-1111-111111110002', 'Rice',           2,  'GLOBAL', NULL, TRUE, NOW(), NOW()),
    ('11111111-1111-1111-1111-111111110003', 'Dal',            3,  'GLOBAL', NULL, TRUE, NOW(), NOW()),
    ('11111111-1111-1111-1111-111111110004', 'Sabzi',          4,  'GLOBAL', NULL, TRUE, NOW(), NOW()),
    ('11111111-1111-1111-1111-111111110005', 'Breakfast',      5,  'GLOBAL', NULL, TRUE, NOW(), NOW()),
    ('11111111-1111-1111-1111-111111110006', 'Paratha',        6,  'GLOBAL', NULL, TRUE, NOW(), NOW()),
    ('11111111-1111-1111-1111-111111110007', 'South Indian',   7,  'GLOBAL', NULL, TRUE, NOW(), NOW()),
    ('11111111-1111-1111-1111-111111110008', 'Snacks',         8,  'GLOBAL', NULL, TRUE, NOW(), NOW()),
    ('11111111-1111-1111-1111-111111110009', 'Beverages',      9,  'GLOBAL', NULL, TRUE, NOW(), NOW()),
    ('11111111-1111-1111-1111-111111110010', 'Desserts',      10,  'GLOBAL', NULL, TRUE, NOW(), NOW()),
    ('11111111-1111-1111-1111-111111110011', 'Salads',        11,  'GLOBAL', NULL, TRUE, NOW(), NOW()),
    ('11111111-1111-1111-1111-111111110012', 'Extras',        12,  'GLOBAL', NULL, TRUE, NOW(), NOW())
ON CONFLICT (id) DO NOTHING;

INSERT INTO food_items (id, category_id, name, scope, space_id, is_active, is_custom, created_at, updated_at) VALUES
    ('22222222-2222-2222-2222-222222220001', '11111111-1111-1111-1111-111111110001', 'Chapati',              'GLOBAL', NULL, TRUE, FALSE, NOW(), NOW()),
    ('22222222-2222-2222-2222-222222220002', '11111111-1111-1111-1111-111111110001', 'Roti',                 'GLOBAL', NULL, TRUE, FALSE, NOW(), NOW()),
    ('22222222-2222-2222-2222-222222220003', '11111111-1111-1111-1111-111111110001', 'Phulka',               'GLOBAL', NULL, TRUE, FALSE, NOW(), NOW()),
    ('22222222-2222-2222-2222-222222220004', '11111111-1111-1111-1111-111111110001', 'Tandoori Roti',        'GLOBAL', NULL, TRUE, FALSE, NOW(), NOW()),
    ('22222222-2222-2222-2222-222222220005', '11111111-1111-1111-1111-111111110001', 'Butter Roti',          'GLOBAL', NULL, TRUE, FALSE, NOW(), NOW()),
    ('22222222-2222-2222-2222-222222220006', '11111111-1111-1111-1111-111111110001', 'Naan',                 'GLOBAL', NULL, TRUE, FALSE, NOW(), NOW()),
    ('22222222-2222-2222-2222-222222220007', '11111111-1111-1111-1111-111111110001', 'Butter Naan',          'GLOBAL', NULL, TRUE, FALSE, NOW(), NOW()),
    ('22222222-2222-2222-2222-222222220008', '11111111-1111-1111-1111-111111110001', 'Kulcha',               'GLOBAL', NULL, TRUE, FALSE, NOW(), NOW()),
    ('22222222-2222-2222-2222-222222220010', '11111111-1111-1111-1111-111111110002', 'Plain Rice',           'GLOBAL', NULL, TRUE, FALSE, NOW(), NOW()),
    ('22222222-2222-2222-2222-222222220011', '11111111-1111-1111-1111-111111110002', 'Jeera Rice',           'GLOBAL', NULL, TRUE, FALSE, NOW(), NOW()),
    ('22222222-2222-2222-2222-222222220012', '11111111-1111-1111-1111-111111110002', 'Masala Rice',          'GLOBAL', NULL, TRUE, FALSE, NOW(), NOW()),
    ('22222222-2222-2222-2222-222222220013', '11111111-1111-1111-1111-111111110002', 'Tomato Rice',          'GLOBAL', NULL, TRUE, FALSE, NOW(), NOW()),
    ('22222222-2222-2222-2222-222222220014', '11111111-1111-1111-1111-111111110002', 'Lemon Rice',           'GLOBAL', NULL, TRUE, FALSE, NOW(), NOW()),
    ('22222222-2222-2222-2222-222222220015', '11111111-1111-1111-1111-111111110002', 'Pulav',                'GLOBAL', NULL, TRUE, FALSE, NOW(), NOW()),
    ('22222222-2222-2222-2222-222222220016', '11111111-1111-1111-1111-111111110002', 'Veg Biryani',          'GLOBAL', NULL, TRUE, FALSE, NOW(), NOW()),
    ('22222222-2222-2222-2222-222222220020', '11111111-1111-1111-1111-111111110003', 'Dal Fry',              'GLOBAL', NULL, TRUE, FALSE, NOW(), NOW()),
    ('22222222-2222-2222-2222-222222220021', '11111111-1111-1111-1111-111111110003', 'Dal Tadka',            'GLOBAL', NULL, TRUE, FALSE, NOW(), NOW()),
    ('22222222-2222-2222-2222-222222220022', '11111111-1111-1111-1111-111111110003', 'Dal Makhani',          'GLOBAL', NULL, TRUE, FALSE, NOW(), NOW()),
    ('22222222-2222-2222-2222-222222220023', '11111111-1111-1111-1111-111111110003', 'Yellow Dal',           'GLOBAL', NULL, TRUE, FALSE, NOW(), NOW()),
    ('22222222-2222-2222-2222-222222220024', '11111111-1111-1111-1111-111111110003', 'Mixed Dal',            'GLOBAL', NULL, TRUE, FALSE, NOW(), NOW()),
    ('22222222-2222-2222-2222-222222220025', '11111111-1111-1111-1111-111111110003', 'Sambar',               'GLOBAL', NULL, TRUE, FALSE, NOW(), NOW()),
    ('22222222-2222-2222-2222-222222220030', '11111111-1111-1111-1111-111111110004', 'Aloo Matar',           'GLOBAL', NULL, TRUE, FALSE, NOW(), NOW()),
    ('22222222-2222-2222-2222-222222220031', '11111111-1111-1111-1111-111111110004', 'Bhindi Masala',        'GLOBAL', NULL, TRUE, FALSE, NOW(), NOW()),
    ('22222222-2222-2222-2222-222222220032', '11111111-1111-1111-1111-111111110004', 'Mix Veg',              'GLOBAL', NULL, TRUE, FALSE, NOW(), NOW()),
    ('22222222-2222-2222-2222-222222220033', '11111111-1111-1111-1111-111111110004', 'Paneer Butter Masala', 'GLOBAL', NULL, TRUE, FALSE, NOW(), NOW()),
    ('22222222-2222-2222-2222-222222220034', '11111111-1111-1111-1111-111111110004', 'Chana Masala',         'GLOBAL', NULL, TRUE, FALSE, NOW(), NOW()),
    ('22222222-2222-2222-2222-222222220035', '11111111-1111-1111-1111-111111110004', 'Rajma',                'GLOBAL', NULL, TRUE, FALSE, NOW(), NOW()),
    ('22222222-2222-2222-2222-222222220040', '11111111-1111-1111-1111-111111110005', 'Poha',                 'GLOBAL', NULL, TRUE, FALSE, NOW(), NOW()),
    ('22222222-2222-2222-2222-222222220041', '11111111-1111-1111-1111-111111110005', 'Upma',                 'GLOBAL', NULL, TRUE, FALSE, NOW(), NOW()),
    ('22222222-2222-2222-2222-222222220042', '11111111-1111-1111-1111-111111110005', 'Idli',                 'GLOBAL', NULL, TRUE, FALSE, NOW(), NOW()),
    ('22222222-2222-2222-2222-222222220043', '11111111-1111-1111-1111-111111110005', 'Vada',                 'GLOBAL', NULL, TRUE, FALSE, NOW(), NOW()),
    ('22222222-2222-2222-2222-222222220044', '11111111-1111-1111-1111-111111110005', 'Misal Pav',            'GLOBAL', NULL, TRUE, FALSE, NOW(), NOW()),
    ('22222222-2222-2222-2222-222222220045', '11111111-1111-1111-1111-111111110005', 'Pav Bhaji',            'GLOBAL', NULL, TRUE, FALSE, NOW(), NOW()),
    ('22222222-2222-2222-2222-222222220046', '11111111-1111-1111-1111-111111110005', 'Dhokla',               'GLOBAL', NULL, TRUE, FALSE, NOW(), NOW()),
    ('22222222-2222-2222-2222-222222220050', '11111111-1111-1111-1111-111111110006', 'Aloo Paratha',         'GLOBAL', NULL, TRUE, FALSE, NOW(), NOW()),
    ('22222222-2222-2222-2222-222222220051', '11111111-1111-1111-1111-111111110006', 'Onion Paratha',        'GLOBAL', NULL, TRUE, FALSE, NOW(), NOW()),
    ('22222222-2222-2222-2222-222222220052', '11111111-1111-1111-1111-111111110006', 'Methi Paratha',        'GLOBAL', NULL, TRUE, FALSE, NOW(), NOW()),
    ('22222222-2222-2222-2222-222222220053', '11111111-1111-1111-1111-111111110006', 'Paneer Paratha',       'GLOBAL', NULL, TRUE, FALSE, NOW(), NOW()),
    ('22222222-2222-2222-2222-222222220054', '11111111-1111-1111-1111-111111110006', 'Gobhi Paratha',        'GLOBAL', NULL, TRUE, FALSE, NOW(), NOW()),
    ('22222222-2222-2222-2222-222222220060', '11111111-1111-1111-1111-111111110007', 'Dosa',                 'GLOBAL', NULL, TRUE, FALSE, NOW(), NOW()),
    ('22222222-2222-2222-2222-222222220061', '11111111-1111-1111-1111-111111110007', 'Masala Dosa',          'GLOBAL', NULL, TRUE, FALSE, NOW(), NOW()),
    ('22222222-2222-2222-2222-222222220062', '11111111-1111-1111-1111-111111110007', 'Uttapam',              'GLOBAL', NULL, TRUE, FALSE, NOW(), NOW()),
    ('22222222-2222-2222-2222-222222220063', '11111111-1111-1111-1111-111111110007', 'Medu Vada',            'GLOBAL', NULL, TRUE, FALSE, NOW(), NOW()),
    ('22222222-2222-2222-2222-222222220064', '11111111-1111-1111-1111-111111110007', 'Rasam',                'GLOBAL', NULL, TRUE, FALSE, NOW(), NOW()),
    ('22222222-2222-2222-2222-222222220065', '11111111-1111-1111-1111-111111110007', 'Coconut Chutney',      'GLOBAL', NULL, TRUE, FALSE, NOW(), NOW()),
    ('22222222-2222-2222-2222-222222220070', '11111111-1111-1111-1111-111111110008', 'Samosa',               'GLOBAL', NULL, TRUE, FALSE, NOW(), NOW()),
    ('22222222-2222-2222-2222-222222220071', '11111111-1111-1111-1111-111111110008', 'Pakora',               'GLOBAL', NULL, TRUE, FALSE, NOW(), NOW()),
    ('22222222-2222-2222-2222-222222220072', '11111111-1111-1111-1111-111111110008', 'Kachori',              'GLOBAL', NULL, TRUE, FALSE, NOW(), NOW()),
    ('22222222-2222-2222-2222-222222220080', '11111111-1111-1111-1111-111111110009', 'Tea',                  'GLOBAL', NULL, TRUE, FALSE, NOW(), NOW()),
    ('22222222-2222-2222-2222-222222220081', '11111111-1111-1111-1111-111111110009', 'Coffee',               'GLOBAL', NULL, TRUE, FALSE, NOW(), NOW()),
    ('22222222-2222-2222-2222-222222220082', '11111111-1111-1111-1111-111111110009', 'Buttermilk',           'GLOBAL', NULL, TRUE, FALSE, NOW(), NOW()),
    ('22222222-2222-2222-2222-222222220083', '11111111-1111-1111-1111-111111110009', 'Lassi',                'GLOBAL', NULL, TRUE, FALSE, NOW(), NOW()),
    ('22222222-2222-2222-2222-222222220090', '11111111-1111-1111-1111-111111110010', 'Gulab Jamun',          'GLOBAL', NULL, TRUE, FALSE, NOW(), NOW()),
    ('22222222-2222-2222-2222-222222220091', '11111111-1111-1111-1111-111111110010', 'Kheer',                'GLOBAL', NULL, TRUE, FALSE, NOW(), NOW()),
    ('22222222-2222-2222-2222-222222220092', '11111111-1111-1111-1111-111111110010', 'Jalebi',               'GLOBAL', NULL, TRUE, FALSE, NOW(), NOW()),
    ('22222222-2222-2222-2222-222222220100', '11111111-1111-1111-1111-111111110011', 'Green Salad',          'GLOBAL', NULL, TRUE, FALSE, NOW(), NOW()),
    ('22222222-2222-2222-2222-222222220101', '11111111-1111-1111-1111-111111110011', 'Cucumber Raita',       'GLOBAL', NULL, TRUE, FALSE, NOW(), NOW()),
    ('22222222-2222-2222-2222-222222220102', '11111111-1111-1111-1111-111111110011', 'Onion Salad',          'GLOBAL', NULL, TRUE, FALSE, NOW(), NOW()),
    ('22222222-2222-2222-2222-222222220110', '11111111-1111-1111-1111-111111110012', 'Papad',                'GLOBAL', NULL, TRUE, FALSE, NOW(), NOW()),
    ('22222222-2222-2222-2222-222222220111', '11111111-1111-1111-1111-111111110012', 'Pickle',               'GLOBAL', NULL, TRUE, FALSE, NOW(), NOW()),
    ('22222222-2222-2222-2222-222222220112', '11111111-1111-1111-1111-111111110012', 'Curd',                 'GLOBAL', NULL, TRUE, FALSE, NOW(), NOW())
ON CONFLICT (id) DO NOTHING;

-- Backfill sample combos for existing MESS spaces that have none.
DO $$
DECLARE
    mess_space RECORD;
    thali_combo_id UUID;
    dal_rice_combo_id UUID;
BEGIN
    IF NOT EXISTS (
        SELECT 1 FROM food_items
        WHERE id = '22222222-2222-2222-2222-222222220001' AND scope = 'GLOBAL'
    ) THEN
        RETURN;
    END IF;

    FOR mess_space IN
        SELECT s.id
        FROM spaces s
        WHERE s.type = 'MESS'
          AND NOT EXISTS (
              SELECT 1 FROM meal_combos mc
              WHERE mc.space_id = s.id AND mc.is_active = TRUE
          )
    LOOP
        thali_combo_id := gen_random_uuid();
        INSERT INTO meal_combos (id, space_id, name, description, is_active, created_at, updated_at)
        VALUES (
            thali_combo_id,
            mess_space.id,
            'Standard Lunch Thali',
            'Daily lunch combo',
            TRUE,
            NOW(),
            NOW()
        );

        INSERT INTO meal_combo_items (id, combo_id, item_id, sort_order) VALUES
            (gen_random_uuid(), thali_combo_id, '22222222-2222-2222-2222-222222220001', 0),
            (gen_random_uuid(), thali_combo_id, '22222222-2222-2222-2222-222222220020', 1),
            (gen_random_uuid(), thali_combo_id, '22222222-2222-2222-2222-222222220010', 2),
            (gen_random_uuid(), thali_combo_id, '22222222-2222-2222-2222-222222220100', 3);

        dal_rice_combo_id := gen_random_uuid();
        INSERT INTO meal_combos (id, space_id, name, description, is_active, created_at, updated_at)
        VALUES (
            dal_rice_combo_id,
            mess_space.id,
            'Dal Rice Combo',
            'Simple dal rice',
            TRUE,
            NOW(),
            NOW()
        );

        INSERT INTO meal_combo_items (id, combo_id, item_id, sort_order) VALUES
            (gen_random_uuid(), dal_rice_combo_id, '22222222-2222-2222-2222-222222220020', 0),
            (gen_random_uuid(), dal_rice_combo_id, '22222222-2222-2222-2222-222222220010', 1);
    END LOOP;
END $$;
